<?xml version="1.0" encoding="utf-8"?>
<!--/520373/1372705/2.50/2/0/Switch/-->
<quadcept_library>
  <setting unit="mil" />
  <textstyle name="Default" height="47.244094488189" strokewidth="7.8740157480315" charwidth="47.244094488189" />
  <textstyle name="Dimension" height="19.6850393700787" strokewidth="0" charwidth="19.6850393700787" />
  <textstyle name="H127W0635TH00762" height="50" strokewidth="3" charwidth="25" />
  <textstyle name="H15W15TH02" height="59.0551181102362" strokewidth="7.8740157480315" charwidth="59.0551181102362" />
  <padstyle name="c165_h110" surface="False" plated="True" isvia="False" nopaste="True" nomask="True" complex="False" holesize="43.307086614173">
    <padshape layer="TOP" shape="round" width="64.960629921259" height="64.960629921259" />
    <padshape layer="TOP_SOLDER_MASK" shape="round" width="72.83464566929" height="72.83464566929" />
    <padshape layer="INNER" shape="round" width="64.960629921259" height="64.960629921259" />
    <padshape layer="BOTTOM" shape="round" width="64.960629921259" height="64.960629921259" />
    <padshape layer="BOTTOM_SOLDER_MASK" shape="round" width="72.83464566929" height="72.83464566929" />
  </padstyle>
  <footprint name="B3WN6002" originx="0" originy="0" pickpointx="0" pickpointy="0">
    <pcbpin number="1" name="1" style="c165_h110" originx="0" originy="0" rotation="90" />
    <pcbpin number="2" name="2" style="c165_h110" originx="-196.85039370078" originy="0" rotation="90" />
    <line layer="TOP_ASSEMBLY" originx="-255.90551181102" originy="157.48031496063" endx="59.055118110235" endy="157.48031496063" width="7.8740157480314" />
    <line layer="TOP_ASSEMBLY" originx="59.055118110235" originy="157.48031496063" endx="59.055118110235" endy="-157.48031496063" width="7.8740157480314" />
    <line layer="TOP_ASSEMBLY" originx="59.055118110235" originy="-157.48031496063" endx="-255.90551181102" endy="-157.48031496063" width="7.8740157480314" />
    <line layer="TOP_ASSEMBLY" originx="-255.90551181102" originy="-157.48031496063" endx="-255.90551181102" endy="157.48031496063" width="7.8740157480314" />
    <line layer="TOP_SILKSCREEN" originx="-255.90551181102" originy="157.48031496063" endx="59.055118110235" endy="157.48031496063" width="3.9370078740157" />
    <line layer="TOP_SILKSCREEN" originx="59.055118110235" originy="157.48031496063" endx="59.055118110235" endy="-157.48031496063" width="3.9370078740157" />
    <line layer="TOP_SILKSCREEN" originx="59.055118110235" originy="-157.48031496063" endx="-255.90551181102" endy="-157.48031496063" width="3.9370078740157" />
    <line layer="TOP_SILKSCREEN" originx="-255.90551181102" originy="-157.48031496063" endx="-255.90551181102" endy="157.48031496063" width="3.9370078740157" />
    <line layer="TOP_PLACE_BOUND" originx="-295.27559055118" originy="196.85039370078" endx="125.9842519685" endy="196.85039370078" width="3.9370078740157" />
    <line layer="TOP_PLACE_BOUND" originx="125.9842519685" originy="196.85039370078" endx="125.9842519685" endy="-196.85039370078" width="3.9370078740157" />
    <line layer="TOP_PLACE_BOUND" originx="125.9842519685" originy="-196.85039370078" endx="-295.27559055118" endy="-196.85039370078" width="3.9370078740157" />
    <line layer="TOP_PLACE_BOUND" originx="-295.27559055118" originy="-196.85039370078" endx="-295.27559055118" endy="196.85039370078" width="3.9370078740157" />
    <line layer="TOP_SILKSCREEN" originx="78.740157480314" originy="0" endx="78.740157480314" endy="0" width="7.8740157480314" />
    <arc layer="TOP_SILKSCREEN" originx="82.67716535433" originy="0" startangle="-180.0" sweepangle="180.0" radius="3.9370078740157" width="7.8740157480314" />
    <line layer="TOP_SILKSCREEN" originx="86.614173228345" originy="0" endx="86.614173228345" endy="0" width="7.8740157480314" />
    <arc layer="TOP_SILKSCREEN" originx="82.67716535433" originy="0" startangle=".0" sweepangle="180.0" radius="3.9370078740157" width="7.8740157480314" />
  </footprint>
  <symbol name="B3WN-6002" originx="0" originy="0">
    <line originx="200" originy="100" endx="700" endy="100" width="0" />
    <line originx="700" originy="-200" endx="700" endy="100" width="0" />
    <line originx="700" originy="-200" endx="200" endy="-200" width="0" />
    <line originx="200" originy="100" endx="200" endy="-200" width="0" />
    <sympin number="1" originx="200" originy="-100" rotation="180" length="100" width="7.8740157480315" flipped="False">
      <text name="pinname" originx="230" originy="-100" style="Default" rotation="0" justify="left" flipped="False" hidden="False" data="COM" />
      <text name="pindes" originx="140" originy="-80" style="Default" rotation="0" justify="lowerright" flipped="False" hidden="False" data="1" />
    </sympin>
    <sympin number="2" originx="200" originy="0" rotation="180" length="100" width="7.8740157480315" flipped="False">
      <text name="pinname" originx="230" originy="0" style="Default" rotation="0" justify="left" flipped="False" hidden="False" data="NO" />
      <text name="pindes" originx="140" originy="20" style="Default" rotation="0" justify="lowerright" flipped="False" hidden="False" data="2" />
    </sympin>
  </symbol>
  <component name="B3WN-6002" designatorprefix="S" height="519.68503937007" footprint="B3WN6002">
    <comppin designator="1" sympin="1" pinswap="0" gateswap="0" gate="1" group="1" side="" type="Any" name="COM" />
    <comppin designator="2" sympin="2" pinswap="0" gateswap="0" gate="1" group="1" side="" type="Any" name="NO" />
    <attached_symbol gate="1" name="B3WN-6002" />
    <pinmap designator="1" footprintpin="1" />
    <pinmap designator="2" footprintpin="2" />
    <text name="Datasheet" originx="0" originy="0" style="Default" rotation="0" justify="" flipped="False" hidden="True" data="http://omronfs.omron.com/en_US/ecb/products/pdf/en-b3wn.pdf" />
    <text name="Description" originx="0" originy="0" style="Default" rotation="0" justify="" flipped="False" hidden="True" data="IP67 Black Button Tact Switch, SPST-NO 50 mA @ 24 V dc 4mm" />
    <text name="Mouser Part Number" originx="0" originy="0" style="Default" rotation="0" justify="" flipped="False" hidden="True" data="653-B3WN-6002" />
    <text name="Mouser Price/Stock" originx="0" originy="0" style="Default" rotation="0" justify="" flipped="False" hidden="True" data="https://www.mouser.co.uk/ProductDetail/Omron-Electronics/B3WN-6002?qs=CX134%252BdLMDH3t3DGk60Xxw%3D%3D" />
    <text name="Manufacturer_Name" originx="0" originy="0" style="Default" rotation="0" justify="" flipped="False" hidden="True" data="Omron Electronics" />
    <text name="Manufacturer_Part_Number" originx="750" originy="200" style="Default" rotation="0" justify="left" flipped="False" hidden="False" data="B3WN-6002" />
  </component>
</quadcept_library>
