<?xml version="1.0" encoding="utf-8"?>
<!--/2206449/1372705/2.50/2/2/Connector/-->
<quadcept_library>
  <setting unit="mil" />
  <textstyle name="Default" height="47.244094488189" strokewidth="7.8740157480315" charwidth="47.244094488189" />
  <textstyle name="Dimension" height="19.6850393700787" strokewidth="0" charwidth="19.6850393700787" />
  <textstyle name="H127W0635TH00762" height="50" strokewidth="3" charwidth="25" />
  <textstyle name="H15W15TH02" height="59.0551181102362" strokewidth="7.8740157480315" charwidth="59.0551181102362" />
  <padstyle name="c172.5_h115" surface="False" plated="True" isvia="False" nopaste="True" nomask="True" complex="False" holesize="45.275590551181">
    <padshape layer="TOP" shape="round" width="67.913385826771" height="67.913385826771" />
    <padshape layer="TOP_SOLDER_MASK" shape="round" width="75.787401574802" height="75.787401574802" />
    <padshape layer="INNER" shape="round" width="67.913385826771" height="67.913385826771" />
    <padshape layer="BOTTOM" shape="round" width="67.913385826771" height="67.913385826771" />
    <padshape layer="BOTTOM_SOLDER_MASK" shape="round" width="75.787401574802" height="75.787401574802" />
  </padstyle>
  <padstyle name="s172.5_h115" surface="False" plated="True" isvia="False" nopaste="True" nomask="True" complex="False" holesize="45.275590551181">
    <padshape layer="TOP" shape="square" width="67.913385826771" height="67.913385826771" />
    <padshape layer="TOP_SOLDER_MASK" shape="square" width="75.787401574802" height="75.787401574802" />
    <padshape layer="INNER" shape="round" width="67.913385826771" height="67.913385826771" />
    <padshape layer="BOTTOM" shape="square" width="67.913385826771" height="67.913385826771" />
    <padshape layer="BOTTOM_SOLDER_MASK" shape="square" width="75.787401574802" height="75.787401574802" />
  </padstyle>
  <footprint name="HDRV2W66P0X254_1X2_467X244X1044P" originx="0" originy="0" pickpointx="0" pickpointy="0">
    <pcbpin number="1" name="1" style="s172.5_h115" originx="0" originy="0" rotation="90" />
    <pcbpin number="2" name="2" style="c172.5_h115" originx="-99.999999999999" originy="0" rotation="90" />
    <line layer="TOP_PLACE_BOUND" originx="54.330708661417" originy="-60.314960629921" endx="-154.37007874016" endy="-60.314960629921" width="1.9685039370079" />
    <line layer="TOP_PLACE_BOUND" originx="-154.37007874016" originy="-60.314960629921" endx="-154.37007874016" endy="60.354330708661" width="1.9685039370079" />
    <line layer="TOP_PLACE_BOUND" originx="-154.37007874016" originy="60.354330708661" endx="54.330708661417" endy="60.354330708661" width="1.9685039370079" />
    <line layer="TOP_PLACE_BOUND" originx="54.330708661417" originy="60.354330708661" endx="54.330708661417" endy="-60.314960629921" width="1.9685039370079" />
    <line layer="TOP_ASSEMBLY" originx="44.488188976377" originy="-50.472440944881" endx="-144.52755905512" endy="-50.472440944881" width="3.9370078740157" />
    <line layer="TOP_ASSEMBLY" originx="-144.52755905512" originy="-50.472440944881" endx="-144.52755905512" endy="50.511811023621" width="3.9370078740157" />
    <line layer="TOP_ASSEMBLY" originx="-144.52755905512" originy="50.511811023621" endx="44.488188976377" endy="50.511811023621" width="3.9370078740157" />
    <line layer="TOP_ASSEMBLY" originx="44.488188976377" originy="50.511811023621" endx="44.488188976377" endy="-50.472440944881" width="3.9370078740157" />
    <line layer="TOP_SILKSCREEN" originx="0" originy="-50.472440944881" endx="-144.52755905512" endy="-50.472440944881" width="7.8740157480314" />
    <line layer="TOP_SILKSCREEN" originx="-144.52755905512" originy="-50.472440944881" endx="-144.52755905512" endy="50.511811023621" width="7.8740157480314" />
    <line layer="TOP_SILKSCREEN" originx="-144.52755905512" originy="50.511811023621" endx="44.488188976377" endy="50.511811023621" width="7.8740157480314" />
    <line layer="TOP_SILKSCREEN" originx="44.488188976377" originy="50.511811023621" endx="44.488188976377" endy="0" width="7.8740157480314" />
  </footprint>
  <symbol name="87527-2" originx="0" originy="0">
    <line originx="200" originy="100" endx="600" endy="100" width="0" />
    <line originx="600" originy="-200" endx="600" endy="100" width="0" />
    <line originx="600" originy="-200" endx="200" endy="-200" width="0" />
    <line originx="200" originy="100" endx="200" endy="-200" width="0" />
    <sympin number="1" originx="200" originy="0" rotation="180" length="100" width="7.8740157480315" flipped="False">
      <text name="pinname" originx="230" originy="0" style="Default" rotation="0" justify="left" flipped="False" hidden="False" data="1" />
      <text name="pindes" originx="140" originy="20" style="Default" rotation="0" justify="lowerright" flipped="False" hidden="False" data="1" />
    </sympin>
    <sympin number="2" originx="200" originy="-100" rotation="180" length="100" width="7.8740157480315" flipped="False">
      <text name="pinname" originx="230" originy="-100" style="Default" rotation="0" justify="left" flipped="False" hidden="False" data="2" />
      <text name="pindes" originx="140" originy="-80" style="Default" rotation="0" justify="lowerright" flipped="False" hidden="False" data="2" />
    </sympin>
  </symbol>
  <component name="87527-2" designatorprefix="J" height="410.9842519685" footprint="HDRV2W66P0X254_1X2_467X244X1044P">
    <comppin designator="1" sympin="1" pinswap="0" gateswap="0" gate="1" group="1" side="" type="Any" name="1" />
    <comppin designator="2" sympin="2" pinswap="0" gateswap="0" gate="1" group="1" side="" type="Any" name="2" />
    <attached_symbol gate="1" name="87527-2" />
    <pinmap designator="1" footprintpin="1" />
    <pinmap designator="2" footprintpin="2" />
    <text name="Datasheet" originx="0" originy="0" style="Default" rotation="0" justify="" flipped="False" hidden="True" data="https://www.te.com/commerce/DocumentDelivery/DDEController?Action=showdoc&amp;DocId=Customer Drawing87527HpdfEnglishENG_CD_87527_H.pdf87527-2" />
    <text name="Description" originx="0" originy="0" style="Default" rotation="0" justify="" flipped="False" hidden="True" data="Connector Header Through Hole 2 position 0.100&quot; (2.54mm)" />
    <text name="Mouser Part Number" originx="0" originy="0" style="Default" rotation="0" justify="" flipped="False" hidden="True" data="571-875272" />
    <text name="Mouser Price/Stock" originx="0" originy="0" style="Default" rotation="0" justify="" flipped="False" hidden="True" data="https://www.mouser.co.uk/ProductDetail/TE-Connectivity/87527-2?qs=ZDXmSm13593hsB4j%252B6gMfg%3D%3D" />
    <text name="Manufacturer_Name" originx="0" originy="0" style="Default" rotation="0" justify="" flipped="False" hidden="True" data="TE Connectivity" />
    <text name="Manufacturer_Part_Number" originx="650" originy="200" style="Default" rotation="0" justify="left" flipped="False" hidden="False" data="87527-2" />
  </component>
</quadcept_library>
